load,concurrency,baseline_tpot_p95_ms,baseline_out_tok_s,mtp_tpot_p95_ms,mtp_out_tok_s,speedup,acceptance_length
math,1,22.25,44.1,10.48,99.7,2.26,3.34
math,2,23.94,79.3,10.54,187.2,2.36,3.34
math,4,24.69,143.9,11.30,327.6,2.28,3.36
math,6,24.33,210.1,11.46,489.8,2.33,3.39
math,8,24.79,286.4,11.86,581.6,2.03,3.35
math,12,26.35,396.6,13.08,842.7,2.12,3.37
math,16,27.33,515.1,14.15,1012.4,1.97,3.38
math,24,29.51,714.0,16.36,1394.5,1.95,3.38
math,32,31.61,898.5,19.45,1555.5,1.73,3.35
math,48,36.19,1213.0,24.62,1861.7,1.53,3.36
math,64,41.05,1427.2,30.35,2069.5,1.45,3.38
math,96,52.57,1709.6,37.75,2091.1,1.22,3.37
math,128,64.70,1893.6,37.89,2132.9,1.13,3.36
chat,1,22.25,44.1,14.96,76.2,1.73,2.48
chat,2,23.81,80.8,14.26,146.6,1.81,2.47
chat,4,24.70,143.2,15.77,254.0,1.77,2.48
chat,6,24.25,219.5,16.28,363.6,1.66,2.45
chat,8,24.55,264.0,16.78,455.0,1.72,2.45
chat,12,25.84,402.7,18.07,656.5,1.63,2.48
chat,16,27.11,512.7,19.72,791.1,1.54,2.52
chat,24,29.45,736.0,23.00,1053.2,1.43,2.48
chat,32,31.54,940.2,25.91,1274.4,1.36,2.52
chat,48,35.30,1265.9,33.01,1507.4,1.19,2.49
chat,64,40.19,1500.8,40.74,1662.0,1.11,2.50
chat,96,51.94,1785.3,49.68,1724.9,0.97,2.49
chat,128,62.20,2004.4,49.17,1741.3,0.87,2.50
