model,step,config,latency_s,cumulative_speedup,shipped,note
minimax-h3,0,ComfyUI template defaults,174.8,1.00,no,"pruned_int8_convrot weights, no LoRA, 20 steps res_multistep/simple"
minimax-h3,1,official 8-step Turbo LoRA,77.9,2.24,yes,"20 steps down to 8, sampler euler/beta. Per-step cost did not move (8.06 to 8.08 s), so the whole gain is the 12 steps not taken"
minimax-h3,2,weights swapped to fp8_scaled,40.8,4.28,yes,"per step 8.08 to 3.49 s, 1.91x on its own. Same HF repo, same 19.5 GiB file size, no image rebuild, no CUDA change"
wan22-t2v-a14b,0,in-house diffusers server,132.3,1.00,no,"four historical production calls logged 131.6 to 132.0 s; re-measured at 132.3 s"
wan22-t2v-a14b,1,attention slicing and VAE tiling off,132.4,1.00,no,"no effect. Both switches trade compute for memory, and memory was never the limit"
wan22-t2v-a14b,2,vLLM-Omni engine,99.8,1.33,yes,"same weights, same parameters; the gain is cheaper kernels"
wan22-t2v-a14b,3,cache_dit step cache,81.1,1.63,yes,"reuses transformer block output between adjacent denoising steps"
wan22-t2v-a14b,4,static-shape compile,81.1,1.63,no,"--no-diffusion-compile-dynamic, identical to leaving it off"
wan22-t2v-a14b,5,full-graph compile,81.0,1.63,no,"--diffusion-compile-granularity=full. The default regional compile already takes this"
wan22-t2v-a14b,6,fp8 quantisation,63.1,2.10,yes,"the same official weights quantised online, no model swap. Also took weights from 64.2 to 37.9 GiB"
wan22-t2v-a14b,7,production end to end,62.7,2.11,yes,"measured through the gateway, adapter included"
wan22-t2v-a14b,8,sequence parallel across 2 GPUs,51.4,2.57,no,"lower latency per clip, lower output per GPU"
wan22-t2v-a14b,9,sequence parallel across 4 GPUs,32.0,4.13,no,"same trade, further along it"
wan22-s2v-14b,0,in-house wan.WanS2V server,1025.7,1.00,no,"server-side timer read 1023.9 s"
wan22-s2v-14b,1,vLLM-Omni engine,754.3,1.36,yes,"reads the official weights directly, no Diffusers layout conversion"
wan22-s2v-14b,2,cache_dit step cache,364.8,2.81,yes,"the single largest win on s2v"
wan22-s2v-14b,3,fp8 quantisation,362.5,2.81,no,"0.6% off cache_dit alone, inside the noise. Memory did not drop either, so the quantisation is not reaching the s2v transformer"
wan22-s2v-14b,4,production end to end,352.9,2.91,yes,"the adapter trims audio to the length actually needed, which drops the half segment the engine would otherwise render"
